{
  "objetivo_l2": {
    "val_mae": 0.38697276249654106,
    "val_r2": 0.6306742359821269,
    "terciles": {
      "bajo": {
        "mae": 0.3254,
        "sesgo": -0.2561,
        "n": 206
      },
      "medio": {
        "mae": 0.2236,
        "sesgo": -0.0508,
        "n": 202
      },
      "alto": {
        "mae": 0.6098,
        "sesgo": 0.3309,
        "n": 205
      }
    }
  },
  "objetivo_l1": {
    "val_mae": 0.3840366559462093,
    "val_r2": 0.6303786582849735,
    "terciles": {
      "bajo": {
        "mae": 0.2995,
        "sesgo": -0.2212,
        "n": 206
      },
      "medio": {
        "mae": 0.2268,
        "sesgo": -0.0091,
        "n": 202
      },
      "alto": {
        "mae": 0.624,
        "sesgo": 0.3565,
        "n": 205
      }
    }
  },
  "objetivo_huber": {
    "val_mae": 0.38564067764291166,
    "val_r2": 0.6333609740209274,
    "terciles": {
      "bajo": {
        "mae": 0.3228,
        "sesgo": -0.264,
        "n": 206
      },
      "medio": {
        "mae": 0.2206,
        "sesgo": -0.0537,
        "n": 202
      },
      "alto": {
        "mae": 0.6114,
        "sesgo": 0.3279,
        "n": 205
      }
    }
  },
  "peso_silice_x1": {
    "val_mae": 0.40175310499726447,
    "val_r2": 0.621555672493729,
    "terciles": {
      "bajo": {
        "mae": 0.3535,
        "sesgo": -0.307,
        "n": 206
      },
      "medio": {
        "mae": 0.2516,
        "sesgo": -0.1042,
        "n": 202
      },
      "alto": {
        "mae": 0.5982,
        "sesgo": 0.2547,
        "n": 205
      }
    }
  },
  "peso_silice_x2": {
    "val_mae": 0.4063715107579692,
    "val_r2": 0.6231027490429478,
    "terciles": {
      "bajo": {
        "mae": 0.3741,
        "sesgo": -0.3395,
        "n": 206
      },
      "medio": {
        "mae": 0.2516,
        "sesgo": -0.1214,
        "n": 202
      },
      "alto": {
        "mae": 0.5914,
        "sesgo": 0.2332,
        "n": 205
      }
    }
  }
}