{
  "media_train": {
    "val": {
      "mae": 0.7908775767462554,
      "rmse": 1.0359337019790054,
      "r2": -0.0019606823226727688,
      "n": 613,
      "mae_pct_range": 16.685180944013826
    },
    "test": {
      "mae": 0.9936431744151614,
      "rmse": 1.2033790737199812,
      "r2": -0.00840096285198677,
      "n": 614,
      "mae_pct_range": 20.96293616909623
    }
  },
  "media_movil_3h": {
    "val": {
      "mae": 0.4593494090848618,
      "rmse": 0.7131972617397927,
      "r2": 0.5250957134392729,
      "n": 613,
      "mae_pct_range": 9.690915803478097
    },
    "test": {
      "mae": 0.5184575651497382,
      "rmse": 0.7860665405311864,
      "r2": 0.5697241582378784,
      "n": 614,
      "mae_pct_range": 10.937923315395318
    }
  },
  "persistencia_1h": {
    "val": {
      "mae": 0.39590538336052206,
      "rmse": 0.654202509891216,
      "r2": 0.6004131685325544,
      "n": 613,
      "mae_pct_range": 8.35243424811228
    },
    "test": {
      "mae": 0.47270358306188925,
      "rmse": 0.7608594438504216,
      "r2": 0.5968773385332341,
      "n": 614,
      "mae_pct_range": 9.972649431685428
    }
  },
  "ridge": {
    "val": {
      "mae": 0.6630517550244862,
      "rmse": 0.8593961710972847,
      "r2": 0.3104375813063994,
      "n": 613,
      "mae_pct_range": 13.988433650305616
    },
    "test": {
      "mae": 0.7417345756304113,
      "rmse": 0.9746025797859661,
      "r2": 0.338570661118047,
      "n": 614,
      "mae_pct_range": 15.648408768574079
    }
  },
  "lightgbm_level_tuned": {
    "val": {
      "mae": 0.4586097683577306,
      "rmse": 0.6503556512571175,
      "r2": 0.6050986737786697,
      "n": 613,
      "mae_pct_range": 9.675311568728493
    },
    "test": {
      "mae": 0.5201169059411282,
      "rmse": 0.7345070086083764,
      "r2": 0.6243181360848713,
      "n": 614,
      "mae_pct_range": 10.972930505087094
    }
  },
  "xgboost_level_tuned": {
    "val": {
      "mae": 0.4541952479339734,
      "rmse": 0.650311092002338,
      "r2": 0.6051527854203832,
      "n": 613,
      "mae_pct_range": 9.582178226455135
    },
    "test": {
      "mae": 0.5319308234305258,
      "rmse": 0.7434096626589141,
      "r2": 0.6151559778672615,
      "n": 614,
      "mae_pct_range": 11.222169270686198
    }
  },
  "lightgbm_delta_tuned": {
    "val": {
      "mae": 0.38697276249654106,
      "rmse": 0.6289431981729755,
      "r2": 0.6306742359821269,
      "n": 613,
      "mae_pct_range": 8.163982331150654
    },
    "test": {
      "mae": 0.4611165566050139,
      "rmse": 0.7344931477289091,
      "r2": 0.6243323149336488,
      "n": 614,
      "mae_pct_range": 9.72819739673025
    }
  },
  "xgboost_delta_tuned": {
    "val": {
      "mae": 0.3889600011739033,
      "rmse": 0.6340747234493193,
      "r2": 0.6246230187912702,
      "n": 613,
      "mae_pct_range": 8.205907197761672
    },
    "test": {
      "mae": 0.45968832829814965,
      "rmse": 0.7404974056561532,
      "r2": 0.618165272727722,
      "n": 614,
      "mae_pct_range": 9.698065997851257
    }
  },
  "GANADOR_lightgbm_delta_podado": {
    "val": {
      "mae": 0.3882762059339578,
      "rmse": 0.6304455730648373,
      "r2": 0.6289076902324721,
      "n": 613,
      "mae_pct_range": 8.19148113784721
    },
    "test": {
      "mae": 0.4599178687092416,
      "rmse": 0.7366493097791316,
      "r2": 0.6221234738619577,
      "n": 614,
      "mae_pct_range": 9.702908622557839
    }
  }
}